{
  "swagger": "2.0",
  "info": {
    "description": "This is a NodeJS API project to demonstrate Swagger Documentation",
    "version": "1.0.0",
    "title": "Tasks API",
    "contact": {
      "email": "biswajit.manna@cognizant.com"
    },
    "license": {
      "name": "Apache 2.0",
      "url": "http://www.apache.org/licenses/LICENSE-2.0.html"
    }
  },
  "schemes": [
    "http"
  ],
  "host": "localhost:3001",
  "basePath": "/api/v1.0/market",
  "tags": [
    {
      "name": "company"
    },
    {
      "name": "stockPrice"
    }
  ],
  "paths": {
    "/company/register": {
      "parameters": [
        {
          "in": "body",
          "name": "Company Details",
          "description": "Provide company informations",
          "required": true,
          "type": "object",
          "schema": {
            "$ref": "#/definitions/Company"
          }
        }
      ],
      "post": {
        "tags": [
          "company"
        ],
        "summary": "Register a new company",
        "description": "Register a new company",
        "produces": [
          "application/json"
        ],
        "responses": {
          "200": {
            "description": "successful operation",
            "schema": {
              "type": "array",
              "items": {
                "$ref": "#/definitions/Company"
              }
            }
          },
          "400": {
            "description": "Bad Request",
            "schema": {
              "$ref": "#/definitions/InvalidResponse"
            }
          },
          "500": {
            "description": "Internal Server Error",
            "schema": {
              "$ref": "#/definitions/InvalidResponse"
            }
          }
        }
      }
    },
    "/company/info/{companycode}": {
      "parameters": [
        {
          "name": "companycode",
          "in": "path",
          "required": true,
          "type": "string"
        }
      ],
      "get": {
        "tags": [
          "company"
        ],
        "summary": "Fetches the Company Details",
        "description": "Fetches the Company Details",
        "produces": [
          "application/json"
        ],
        "consumes": [
          "application/json"
        ],
        "responses": {
          "200": {
            "description": "successful operation",
            "schema": {
              "type": "array",
              "items": {
                "$ref": "#/definitions/Company"
              }
            }
          },
          "400": {
            "description": "Bad Request",
            "schema": {
              "$ref": "#/definitions/InvalidResponse"
            }
          },
          "500": {
            "description": "Internal Server Error",
            "schema": {
              "$ref": "#/definitions/InvalidResponse"
            }
          }
        }
      }
    },
    "/company/getall": {
      "get": {
        "tags": [
          "company"
        ],
        "summary": "Fetches all the Company Details",
        "description": "Fetches all the Company Details",
        "produces": [
          "application/json"
        ],
        "parameters": [],
        "responses": {
          "200": {
            "description": "successful operation",
            "schema": {
              "type": "array",
              "items": {
                "$ref": "#/definitions/Company"
              }
            }
          },
          "400": {
            "description": "Bad Request",
            "schema": {
              "$ref": "#/definitions/InvalidResponse"
            }
          },
          "500": {
            "description": "Internal Server Error",
            "schema": {
              "$ref": "#/definitions/InvalidResponse"
            }
          }
        }
      }
    },
    "/company/delete/{companycode}": {
      "parameters": [
        {
          "name": "companycode",
          "in": "path",
          "description": "companycode that needs to be deleted",
          "required": true,
          "type": "string"
        }
      ],
      "delete": {
        "tags": [
          "company"
        ],
        "summary": "Deletes a company",
        "description": "Deletes a company",
        "produces": [
          "application/json"
        ],
        "responses": {
          "200": {
            "description": "successful operation",
            "schema": {
              "type": "array",
              "items": {
                "$ref": "#/definitions/Company"
              }
            }
          },
          "400": {
            "description": "Bad Request",
            "schema": {
              "$ref": "#/definitions/InvalidResponse"
            }
          },
          "500": {
            "description": "Internal Server Error",
            "schema": {
              "$ref": "#/definitions/InvalidResponse"
            }
          }
        }
      }
    },
    "/stock/add/{companycode}": {
      "post": {
        "tags": [
          "stockPrice"
        ],
        "summary": "Add stock price of a company",
        "description": "Add stock price of a company",
        "produces": [
          "application/json"
        ],
        "parameters": [
          {
            "in": "body",
            "name": "Price",
            "description": "parameters",
            "required": true,
            "type": "object",
            "schema": {
              "$ref": "#/definitions/StockPrice"
            }
          },
          {
            "name": "companycode",
            "in": "path",
            "required": true,
            "type": "string"
          }
        ],
        "responses": {
          "200": {
            "description": "successful operation",
            "schema": {
              "type": "array",
              "items": {
                "$ref": "#/definitions/StockPrice"
              }
            }
          },
          "400": {
            "description": "Bad Request",
            "schema": {
              "$ref": "#/definitions/InvalidResponse"
            }
          },
          "500": {
            "description": "Internal Server Error",
            "schema": {
              "$ref": "#/definitions/InvalidResponse"
            }
          }
        }
      }
    },
    "/stock/get/{companycode}/{startdate}/{enddate}": {
      "get": {
        "tags": [
          "stockPrice"
        ],
        "summary": "Fetches the Company stock price",
        "description": "Fetches the Company stock price",
        "produces": [
          "application/json"
        ],
        "consumes": [
          "application/json"
        ],
        "parameters": [
          {
            "name": "companycode",
            "in": "path",
            "required": true,
            "type": "string"
          },
          {
            "name": "startdate",
            "in": "path",
            "required": true,
            "type": "string"
          },
          {
            "name": "enddate",
            "in": "path",
            "required": true,
            "type": "string"
          }
        ],
        "responses": {
          "200": {
            "description": "successful operation",
            "schema": {
              "type": "array",
              "items": {
                "$ref": "#/definitions/StockPrice"
              }
            }
          },
          "400": {
            "description": "Bad Request",
            "schema": {
              "$ref": "#/definitions/InvalidResponse"
            }
          },
          "500": {
            "description": "Internal Server Error",
            "schema": {
              "$ref": "#/definitions/InvalidResponse"
            }
          }
        }
      }
    }
  },
  "definitions": {
    "Company": {
      "type": "object",
      "properties": {
        "name": {
          "type": "string"
        },
        "code": {
          "type": "string"
        },
        "ceo": {
          "type": "string"
        },
        "turnover": {
          "type": "number"
        },
        "stockEx": {
          "type": "string"
        },
        "website": {
          "type": "string"
        }
      }
    },
    "StockPrice": {
      "type": "object",
      "properties": {
        "price": {
          "type": "number"
        }
      }
    },
    "InvalidResponse": {
      "type": "object",
      "properties": {
        "status": {
          "type": "string"
        },
        "message": {
          "type": "string"
        }
      }
    }
  }
}